-- MySQL dump 10.13  Distrib 8.0.34, for macos13 (arm64)
--
-- Host: 127.0.0.1    Database: auth_service
-- ------------------------------------------------------
-- Server version	8.0.40

/*!40101 SET @OLD_CHARACTER_SET_CLIENT=@@CHARACTER_SET_CLIENT */;
/*!40101 SET @OLD_CHARACTER_SET_RESULTS=@@CHARACTER_SET_RESULTS */;
/*!40101 SET @OLD_COLLATION_CONNECTION=@@COLLATION_CONNECTION */;
/*!50503 SET NAMES utf8 */;
/*!40103 SET @OLD_TIME_ZONE=@@TIME_ZONE */;
/*!40103 SET TIME_ZONE='+00:00' */;
/*!40014 SET @OLD_UNIQUE_CHECKS=@@UNIQUE_CHECKS, UNIQUE_CHECKS=0 */;
/*!40014 SET @OLD_FOREIGN_KEY_CHECKS=@@FOREIGN_KEY_CHECKS, FOREIGN_KEY_CHECKS=0 */;
/*!40101 SET @OLD_SQL_MODE=@@SQL_MODE, SQL_MODE='NO_AUTO_VALUE_ON_ZERO' */;
/*!40111 SET @OLD_SQL_NOTES=@@SQL_NOTES, SQL_NOTES=0 */;

--
-- Table structure for table `permission`
--

DROP TABLE IF EXISTS `permission`;
/*!40101 SET @saved_cs_client     = @@character_set_client */;
/*!50503 SET character_set_client = utf8mb4 */;
CREATE TABLE `permission` (
  `id` varchar(200) NOT NULL,
  `name` varchar(255) DEFAULT NULL,
  `createdAt` datetime DEFAULT NULL,
  `updatedAt` datetime DEFAULT NULL,
  `type` varchar(45) DEFAULT NULL,
  `method` varchar(45) DEFAULT NULL,
  PRIMARY KEY (`id`)
) ENGINE=InnoDB DEFAULT CHARSET=utf8mb4 COLLATE=utf8mb4_0900_ai_ci;
/*!40101 SET character_set_client = @saved_cs_client */;

--
-- Dumping data for table `permission`
--

LOCK TABLES `permission` WRITE;
/*!40000 ALTER TABLE `permission` DISABLE KEYS */;
INSERT INTO `permission` VALUES ('create_category','Danh mục',NULL,NULL,'category','create'),('create_check_inventory','Kiểm tra kho',NULL,NULL,'check_inventory','create'),('create_combo','Combo',NULL,NULL,'combo','create'),('create_customer','Khách hàng',NULL,NULL,'customer','create'),('create_detail_combo','Chi tiết combo',NULL,NULL,'detail_combo','create'),('create_detail_inventor','Chi tiết kiểm kê',NULL,NULL,'detail_inventor','create'),('create_detail_shipment','Chi tiết kho',NULL,NULL,'detail_shipment','create'),('create_employee','Chi tiết đơn hàng',NULL,NULL,'employee','create'),('create_invoice','Đơn hàng',NULL,NULL,'invoice','create'),('create_invoice_detail','Chi tiết đơn hàng',NULL,NULL,'invoice_detail','create'),('create_material','Nguyên liệu',NULL,NULL,'material','create'),('create_permission','Quyền',NULL,NULL,'permission','create'),('create_permission_role','Quyền - vai trò',NULL,NULL,'permission_role','create'),('create_position','Vị trí',NULL,NULL,'position','create'),('create_product','Sản phẩm',NULL,NULL,'product','create'),('create_role','Vai trò',NULL,NULL,'role','create'),('create_shipment','Thêm kho',NULL,NULL,'shipment','create'),('create_supplier','Nhà cung cấp',NULL,NULL,'supplier','create'),('create_table_food','Bản ăn',NULL,NULL,'table_food','create'),('create_use_material','Sử dụng nguyên liệu',NULL,NULL,'use_material','create'),('create_user','Người dùng',NULL,NULL,'user','create'),('create_workshift','Ca làm',NULL,NULL,'workshift','create'),('delete_category','Danh mục',NULL,NULL,'category','delete'),('delete_check_inventory','Kiểm tra kho',NULL,NULL,'check_inventory','delete'),('delete_combo','Combo',NULL,NULL,'combo','delete'),('delete_customer','Khách hàng',NULL,NULL,'customer','delete'),('delete_detail_combo','Chi tiết combo',NULL,NULL,'detail_combo','delete'),('delete_detail_inventor','Chi tiết kiểm kê',NULL,NULL,'detail_inventor','delete'),('delete_detail_shipment','Chi tiết kho',NULL,NULL,'detail_shipment','delete'),('delete_employee','Nhân viên',NULL,NULL,'employee','delete'),('delete_invoice','Đơn hàng',NULL,NULL,'invoice','delete'),('delete_invoice_detail','Chi tiết đơn hàng',NULL,NULL,'invoice_detail','delete'),('delete_material','Nguyên liệu',NULL,NULL,'material','delete'),('delete_permission','Quyền',NULL,NULL,'permission','delete'),('delete_permission_role','Quyền - vai trò',NULL,NULL,'permission_role','delete'),('delete_position','Vị trí',NULL,NULL,'position','delete'),('delete_product','Sản phẩm',NULL,NULL,'product','delete'),('delete_role','Vai trò',NULL,NULL,'role','delete'),('delete_shipment','Xoá kho',NULL,NULL,'shipment','delete'),('delete_supplier','Nhà cung cấp',NULL,NULL,'supplier','delete'),('delete_table_food','Bản ăn',NULL,NULL,'table_food','delete'),('delete_use_material','Sử dụng nguyên liệu',NULL,NULL,'use_material','delete'),('delete_user','Người dùng',NULL,NULL,'user','delete'),('delete_workshift','Ca làm',NULL,NULL,'workshift','delete'),('edit_category','Danh mục',NULL,NULL,'category','edit'),('edit_check_inventory','Kiểm tra kho',NULL,NULL,'check_inventory','edit'),('edit_combo','Combo',NULL,NULL,'combo','edit'),('edit_customer','Khách hàng',NULL,NULL,'customer','edit'),('edit_detail_combo','Chi tiết combo',NULL,NULL,'detail_combo','edit'),('edit_detail_inventor','Chi tiết kiểm kê',NULL,NULL,'detail_inventor','edit'),('edit_detail_shipment','Chi tiết kho',NULL,NULL,'detail_shipment','edit'),('edit_employee','Nhân viên',NULL,NULL,'employee','edit'),('edit_invoice','Đơn hàng',NULL,NULL,'invoice','edit'),('edit_invoice_detail','Chi tiết đơn hàng',NULL,NULL,'invoice_detail','edit'),('edit_material','Nguyên liệu',NULL,NULL,'material','edit'),('edit_permission','Quyền',NULL,NULL,'permission','edit'),('edit_permission_role','Quyền - vai trò',NULL,NULL,'permission_role','edit'),('edit_position','Vị trí',NULL,NULL,'position','edit'),('edit_product','Sản phẩm',NULL,NULL,'product','edit'),('edit_role','Vai trò',NULL,NULL,'role','edit'),('edit_shipment','Chỉnh sửa kho',NULL,NULL,'shipment','edit'),('edit_supplier','Nhà cung cấp',NULL,NULL,'supplier','edit'),('edit_table_food','Bản ăn',NULL,NULL,'table_food','edit'),('edit_use_material','Sử dụng nguyên liệu',NULL,NULL,'use_material','edit'),('edit_user','Người dùng',NULL,NULL,'user','edit'),('edit_workshift','Ca làm',NULL,NULL,'workshift','edit'),('view_category','Danh mục',NULL,NULL,'category','view'),('view_check_inventory','Kiểm tra kho',NULL,NULL,'check_inventory','view'),('view_combo','Combo',NULL,NULL,'combo','view'),('view_customer','Khách hàng',NULL,NULL,'customer','view'),('view_detail_combo','Chi tiết combo',NULL,NULL,'detail_combo','view'),('view_detail_inventor','Chi tiết kiểm kê',NULL,NULL,'detail_inventor','view'),('view_detail_shipment','Chi tiết kho',NULL,NULL,'detail_shipment','view'),('view_employee','Nhân viên',NULL,NULL,'employee','view'),('view_invoice','Đơn hàng',NULL,NULL,'invoice','view'),('view_invoice_detail','Xem chi tiết đơn hàng',NULL,NULL,'invoice_detail','view'),('view_material','Nguyên liệu',NULL,NULL,'material','view'),('view_permission','Quyền',NULL,NULL,'permission','view'),('view_permission_role','Quyền - vai trò',NULL,NULL,'permission_role','view'),('view_position','Vị trí',NULL,NULL,'position','view'),('view_product','Sản phẩm',NULL,NULL,'product','view'),('view_role','Vai trò',NULL,NULL,'role','view'),('view_shipment','Xem kho hàng',NULL,NULL,'shipment','view'),('view_supplier','Nhà cung cấp',NULL,NULL,'supplier','view'),('view_table_food','Bản ăn',NULL,NULL,'table_food','view'),('view_use_material','Sử dụng nguyên liệu',NULL,NULL,'use_material','view'),('view_user','Người dùng',NULL,NULL,'user','view'),('view_workshift','Ca làm',NULL,NULL,'workshift','view');
/*!40000 ALTER TABLE `permission` ENABLE KEYS */;
UNLOCK TABLES;

--
-- Table structure for table `permission_role`
--

DROP TABLE IF EXISTS `permission_role`;
/*!40101 SET @saved_cs_client     = @@character_set_client */;
/*!50503 SET character_set_client = utf8mb4 */;
CREATE TABLE `permission_role` (
  `id` bigint NOT NULL AUTO_INCREMENT,
  `id_permistion` varchar(200) NOT NULL,
  `id_role` varchar(10) NOT NULL,
  `createdAt` datetime DEFAULT NULL,
  `updatedAt` datetime DEFAULT NULL,
  PRIMARY KEY (`id`),
  KEY `id_permistion` (`id_permistion`),
  KEY `id_role` (`id_role`),
  CONSTRAINT `permission_role_ibfk_1` FOREIGN KEY (`id_permistion`) REFERENCES `permission` (`id`) ON DELETE CASCADE ON UPDATE CASCADE,
  CONSTRAINT `permission_role_ibfk_2` FOREIGN KEY (`id_role`) REFERENCES `role` (`id`) ON DELETE CASCADE ON UPDATE CASCADE
) ENGINE=InnoDB AUTO_INCREMENT=476 DEFAULT CHARSET=utf8mb4 COLLATE=utf8mb4_0900_ai_ci;
/*!40101 SET character_set_client = @saved_cs_client */;

--
-- Dumping data for table `permission_role`
--

LOCK TABLES `permission_role` WRITE;
/*!40000 ALTER TABLE `permission_role` DISABLE KEYS */;
INSERT INTO `permission_role` VALUES (2,'create_category','A','2024-12-16 13:58:21','2024-12-16 13:58:21'),(3,'create_check_inventory','A','2024-12-16 13:58:21','2024-12-16 13:58:21'),(4,'create_combo','A','2024-12-16 13:58:21','2024-12-16 13:58:21'),(5,'create_customer','A','2024-12-16 13:58:21','2024-12-16 13:58:21'),(6,'create_detail_combo','A','2024-12-16 13:58:21','2024-12-16 13:58:21'),(7,'create_detail_inventor','A','2024-12-16 13:58:21','2024-12-16 13:58:21'),(8,'create_detail_shipment','A','2024-12-16 13:58:21','2024-12-16 13:58:21'),(9,'create_employee','A','2024-12-16 13:58:21','2024-12-16 13:58:21'),(10,'create_invoice','A','2024-12-16 13:58:21','2024-12-16 13:58:21'),(11,'create_invoice_detail','A','2024-12-16 13:58:21','2024-12-16 13:58:21'),(12,'create_material','A','2024-12-16 13:58:21','2024-12-16 13:58:21'),(13,'create_position','A','2024-12-16 13:58:21','2024-12-16 13:58:21'),(14,'create_product','A','2024-12-16 13:58:21','2024-12-16 13:58:21'),(15,'create_shipment','A','2024-12-16 13:58:21','2024-12-16 13:58:21'),(16,'create_supplier','A','2024-12-16 13:58:21','2024-12-16 13:58:21'),(17,'create_table_food','A','2024-12-16 13:58:21','2024-12-16 13:58:21'),(18,'create_use_material','A','2024-12-16 13:58:21','2024-12-16 13:58:21'),(19,'create_workshift','A','2024-12-16 13:58:21','2024-12-16 13:58:21'),(20,'delete_category','A','2024-12-16 13:58:21','2024-12-16 13:58:21'),(21,'delete_check_inventory','A','2024-12-16 13:58:21','2024-12-16 13:58:21'),(22,'delete_combo','A','2024-12-16 13:58:21','2024-12-16 13:58:21'),(23,'delete_customer','A','2024-12-16 13:58:21','2024-12-16 13:58:21'),(24,'delete_detail_combo','A','2024-12-16 13:58:21','2024-12-16 13:58:21'),(25,'delete_detail_inventor','A','2024-12-16 13:58:21','2024-12-16 13:58:21'),(26,'delete_detail_shipment','A','2024-12-16 13:58:21','2024-12-16 13:58:21'),(27,'delete_employee','A','2024-12-16 13:58:21','2024-12-16 13:58:21'),(28,'delete_invoice','A','2024-12-16 13:58:21','2024-12-16 13:58:21'),(29,'delete_invoice_detail','A','2024-12-16 13:58:21','2024-12-16 13:58:21'),(30,'delete_material','A','2024-12-16 13:58:21','2024-12-16 13:58:21'),(31,'delete_position','A','2024-12-16 13:58:21','2024-12-16 13:58:21'),(32,'delete_product','A','2024-12-16 13:58:21','2024-12-16 13:58:21'),(33,'delete_shipment','A','2024-12-16 13:58:21','2024-12-16 13:58:21'),(34,'delete_supplier','A','2024-12-16 13:58:21','2024-12-16 13:58:21'),(35,'delete_table_food','A','2024-12-16 13:58:21','2024-12-16 13:58:21'),(36,'delete_use_material','A','2024-12-16 13:58:21','2024-12-16 13:58:21'),(37,'delete_workshift','A','2024-12-16 13:58:21','2024-12-16 13:58:21'),(38,'edit_category','A','2024-12-16 13:58:21','2024-12-16 13:58:21'),(39,'edit_check_inventory','A','2024-12-16 13:58:21','2024-12-16 13:58:21'),(40,'edit_combo','A','2024-12-16 13:58:21','2024-12-16 13:58:21'),(41,'edit_customer','A','2024-12-16 13:58:21','2024-12-16 13:58:21'),(42,'edit_detail_combo','A','2024-12-16 13:58:21','2024-12-16 13:58:21'),(43,'edit_detail_inventor','A','2024-12-16 13:58:21','2024-12-16 13:58:21'),(44,'edit_detail_shipment','A','2024-12-16 13:58:21','2024-12-16 13:58:21'),(45,'edit_employee','A','2024-12-16 13:58:21','2024-12-16 13:58:21'),(46,'edit_invoice','A','2024-12-16 13:58:21','2024-12-16 13:58:21'),(47,'edit_invoice_detail','A','2024-12-16 13:58:21','2024-12-16 13:58:21'),(48,'edit_material','A','2024-12-16 13:58:21','2024-12-16 13:58:21'),(49,'edit_position','A','2024-12-16 13:58:21','2024-12-16 13:58:21'),(50,'edit_product','A','2024-12-16 13:58:21','2024-12-16 13:58:21'),(51,'edit_shipment','A','2024-12-16 13:58:21','2024-12-16 13:58:21'),(52,'edit_supplier','A','2024-12-16 13:58:21','2024-12-16 13:58:21'),(53,'edit_table_food','A','2024-12-16 13:58:21','2024-12-16 13:58:21'),(54,'edit_use_material','A','2024-12-16 13:58:21','2024-12-16 13:58:21'),(55,'edit_workshift','A','2024-12-16 13:58:21','2024-12-16 13:58:21'),(57,'view_check_inventory','A','2024-12-16 13:58:21','2024-12-16 13:58:21'),(58,'view_combo','A','2024-12-16 13:58:21','2024-12-16 13:58:21'),(59,'view_customer','A','2024-12-16 13:58:21','2024-12-16 13:58:21'),(60,'view_detail_combo','A','2024-12-16 13:58:21','2024-12-16 13:58:21'),(61,'view_detail_inventor','A','2024-12-16 13:58:21','2024-12-16 13:58:21'),(62,'view_detail_shipment','A','2024-12-16 13:58:21','2024-12-16 13:58:21'),(63,'view_employee','A','2024-12-16 13:58:21','2024-12-16 13:58:21'),(64,'view_invoice','A','2024-12-16 13:58:21','2024-12-16 13:58:21'),(65,'view_invoice_detail','A','2024-12-16 13:58:21','2024-12-16 13:58:21'),(66,'view_material','A','2024-12-16 13:58:21','2024-12-16 13:58:21'),(67,'view_position','A','2024-12-16 13:58:21','2024-12-16 13:58:21'),(68,'view_product','A','2024-12-16 13:58:21','2024-12-16 13:58:21'),(69,'view_shipment','A','2024-12-16 13:58:21','2024-12-16 13:58:21'),(70,'view_supplier','A','2024-12-16 13:58:21','2024-12-16 13:58:21'),(71,'view_table_food','A','2024-12-16 13:58:21','2024-12-16 13:58:21'),(72,'view_use_material','A','2024-12-16 13:58:21','2024-12-16 13:58:21'),(73,'view_workshift','A','2024-12-16 13:58:21','2024-12-16 13:58:21'),(74,'create_category','A','2024-12-16 13:58:58','2024-12-16 13:58:58'),(75,'create_check_inventory','A','2024-12-16 13:58:58','2024-12-16 13:58:58'),(76,'create_combo','A','2024-12-16 13:58:58','2024-12-16 13:58:58'),(77,'create_customer','A','2024-12-16 13:58:58','2024-12-16 13:58:58'),(78,'create_detail_combo','A','2024-12-16 13:58:58','2024-12-16 13:58:58'),(79,'create_detail_inventor','A','2024-12-16 13:58:58','2024-12-16 13:58:58'),(80,'create_detail_shipment','A','2024-12-16 13:58:58','2024-12-16 13:58:58'),(81,'create_employee','A','2024-12-16 13:58:58','2024-12-16 13:58:58'),(82,'create_invoice','A','2024-12-16 13:58:58','2024-12-16 13:58:58'),(83,'create_invoice_detail','A','2024-12-16 13:58:58','2024-12-16 13:58:58'),(84,'create_material','A','2024-12-16 13:58:58','2024-12-16 13:58:58'),(85,'create_position','A','2024-12-16 13:58:58','2024-12-16 13:58:58'),(86,'create_product','A','2024-12-16 13:58:58','2024-12-16 13:58:58'),(87,'create_shipment','A','2024-12-16 13:58:58','2024-12-16 13:58:58'),(88,'create_supplier','A','2024-12-16 13:58:58','2024-12-16 13:58:58'),(89,'create_table_food','A','2024-12-16 13:58:58','2024-12-16 13:58:58'),(90,'create_use_material','A','2024-12-16 13:58:58','2024-12-16 13:58:58'),(91,'create_workshift','A','2024-12-16 13:58:58','2024-12-16 13:58:58'),(92,'delete_category','A','2024-12-16 13:58:58','2024-12-16 13:58:58'),(93,'delete_check_inventory','A','2024-12-16 13:58:58','2024-12-16 13:58:58'),(94,'delete_combo','A','2024-12-16 13:58:58','2024-12-16 13:58:58'),(95,'delete_customer','A','2024-12-16 13:58:58','2024-12-16 13:58:58'),(96,'delete_detail_combo','A','2024-12-16 13:58:58','2024-12-16 13:58:58'),(97,'delete_detail_inventor','A','2024-12-16 13:58:58','2024-12-16 13:58:58'),(98,'delete_detail_shipment','A','2024-12-16 13:58:58','2024-12-16 13:58:58'),(99,'delete_employee','A','2024-12-16 13:58:58','2024-12-16 13:58:58'),(100,'delete_invoice','A','2024-12-16 13:58:58','2024-12-16 13:58:58'),(101,'delete_invoice_detail','A','2024-12-16 13:58:58','2024-12-16 13:58:58'),(102,'delete_material','A','2024-12-16 13:58:58','2024-12-16 13:58:58'),(103,'delete_position','A','2024-12-16 13:58:58','2024-12-16 13:58:58'),(104,'delete_product','A','2024-12-16 13:58:58','2024-12-16 13:58:58'),(105,'delete_shipment','A','2024-12-16 13:58:58','2024-12-16 13:58:58'),(106,'delete_supplier','A','2024-12-16 13:58:58','2024-12-16 13:58:58'),(107,'delete_table_food','A','2024-12-16 13:58:58','2024-12-16 13:58:58'),(108,'delete_use_material','A','2024-12-16 13:58:58','2024-12-16 13:58:58'),(109,'delete_workshift','A','2024-12-16 13:58:58','2024-12-16 13:58:58'),(110,'edit_category','A','2024-12-16 13:58:58','2024-12-16 13:58:58'),(111,'edit_check_inventory','A','2024-12-16 13:58:58','2024-12-16 13:58:58'),(112,'edit_combo','A','2024-12-16 13:58:58','2024-12-16 13:58:58'),(113,'edit_customer','A','2024-12-16 13:58:58','2024-12-16 13:58:58'),(114,'edit_detail_combo','A','2024-12-16 13:58:58','2024-12-16 13:58:58'),(115,'edit_detail_inventor','A','2024-12-16 13:58:58','2024-12-16 13:58:58'),(116,'edit_detail_shipment','A','2024-12-16 13:58:58','2024-12-16 13:58:58'),(117,'edit_employee','A','2024-12-16 13:58:58','2024-12-16 13:58:58'),(118,'edit_invoice','A','2024-12-16 13:58:58','2024-12-16 13:58:58'),(119,'edit_invoice_detail','A','2024-12-16 13:58:58','2024-12-16 13:58:58'),(120,'edit_material','A','2024-12-16 13:58:58','2024-12-16 13:58:58'),(121,'edit_position','A','2024-12-16 13:58:58','2024-12-16 13:58:58'),(122,'edit_product','A','2024-12-16 13:58:58','2024-12-16 13:58:58'),(123,'edit_shipment','A','2024-12-16 13:58:58','2024-12-16 13:58:58'),(124,'edit_supplier','A','2024-12-16 13:58:58','2024-12-16 13:58:58'),(125,'edit_table_food','A','2024-12-16 13:58:58','2024-12-16 13:58:58'),(126,'edit_use_material','A','2024-12-16 13:58:58','2024-12-16 13:58:58'),(127,'edit_workshift','A','2024-12-16 13:58:58','2024-12-16 13:58:58'),(129,'view_check_inventory','A','2024-12-16 13:58:58','2024-12-16 13:58:58'),(130,'view_combo','A','2024-12-16 13:58:58','2024-12-16 13:58:58'),(131,'view_customer','A','2024-12-16 13:58:58','2024-12-16 13:58:58'),(132,'view_detail_combo','A','2024-12-16 13:58:58','2024-12-16 13:58:58'),(133,'view_detail_inventor','A','2024-12-16 13:58:58','2024-12-16 13:58:58'),(134,'view_detail_shipment','A','2024-12-16 13:58:58','2024-12-16 13:58:58'),(135,'view_employee','A','2024-12-16 13:58:58','2024-12-16 13:58:58'),(136,'view_invoice','A','2024-12-16 13:58:58','2024-12-16 13:58:58'),(137,'view_invoice_detail','A','2024-12-16 13:58:58','2024-12-16 13:58:58'),(138,'view_material','A','2024-12-16 13:58:58','2024-12-16 13:58:58'),(139,'view_position','A','2024-12-16 13:58:58','2024-12-16 13:58:58'),(140,'view_product','A','2024-12-16 13:58:58','2024-12-16 13:58:58'),(141,'view_shipment','A','2024-12-16 13:58:58','2024-12-16 13:58:58'),(142,'view_supplier','A','2024-12-16 13:58:58','2024-12-16 13:58:58'),(143,'view_table_food','A','2024-12-16 13:58:58','2024-12-16 13:58:58'),(144,'view_use_material','A','2024-12-16 13:58:58','2024-12-16 13:58:58'),(145,'view_workshift','A','2024-12-16 13:58:58','2024-12-16 13:58:58'),(146,'create_category','A','2024-12-16 14:28:22','2024-12-16 14:28:22'),(147,'create_check_inventory','A','2024-12-16 14:28:22','2024-12-16 14:28:22'),(148,'create_combo','A','2024-12-16 14:28:22','2024-12-16 14:28:22'),(149,'create_customer','A','2024-12-16 14:28:22','2024-12-16 14:28:22'),(150,'create_detail_combo','A','2024-12-16 14:28:22','2024-12-16 14:28:22'),(151,'create_detail_inventor','A','2024-12-16 14:28:22','2024-12-16 14:28:22'),(152,'create_detail_shipment','A','2024-12-16 14:28:22','2024-12-16 14:28:22'),(153,'create_employee','A','2024-12-16 14:28:22','2024-12-16 14:28:22'),(154,'create_invoice','A','2024-12-16 14:28:22','2024-12-16 14:28:22'),(155,'create_invoice_detail','A','2024-12-16 14:28:22','2024-12-16 14:28:22'),(156,'create_material','A','2024-12-16 14:28:22','2024-12-16 14:28:22'),(157,'create_position','A','2024-12-16 14:28:22','2024-12-16 14:28:22'),(158,'create_product','A','2024-12-16 14:28:22','2024-12-16 14:28:22'),(159,'create_shipment','A','2024-12-16 14:28:22','2024-12-16 14:28:22'),(160,'create_supplier','A','2024-12-16 14:28:22','2024-12-16 14:28:22'),(161,'create_table_food','A','2024-12-16 14:28:22','2024-12-16 14:28:22'),(162,'create_use_material','A','2024-12-16 14:28:22','2024-12-16 14:28:22'),(163,'create_workshift','A','2024-12-16 14:28:22','2024-12-16 14:28:22'),(164,'delete_category','A','2024-12-16 14:28:22','2024-12-16 14:28:22'),(165,'delete_check_inventory','A','2024-12-16 14:28:22','2024-12-16 14:28:22'),(166,'delete_combo','A','2024-12-16 14:28:22','2024-12-16 14:28:22'),(167,'delete_customer','A','2024-12-16 14:28:22','2024-12-16 14:28:22'),(168,'delete_detail_combo','A','2024-12-16 14:28:22','2024-12-16 14:28:22'),(169,'delete_detail_inventor','A','2024-12-16 14:28:22','2024-12-16 14:28:22'),(170,'delete_detail_shipment','A','2024-12-16 14:28:22','2024-12-16 14:28:22'),(171,'delete_employee','A','2024-12-16 14:28:22','2024-12-16 14:28:22'),(172,'delete_invoice','A','2024-12-16 14:28:22','2024-12-16 14:28:22'),(173,'delete_invoice_detail','A','2024-12-16 14:28:22','2024-12-16 14:28:22'),(174,'delete_material','A','2024-12-16 14:28:22','2024-12-16 14:28:22'),(175,'delete_position','A','2024-12-16 14:28:22','2024-12-16 14:28:22'),(176,'delete_product','A','2024-12-16 14:28:22','2024-12-16 14:28:22'),(177,'delete_shipment','A','2024-12-16 14:28:22','2024-12-16 14:28:22'),(178,'delete_supplier','A','2024-12-16 14:28:22','2024-12-16 14:28:22'),(179,'delete_table_food','A','2024-12-16 14:28:22','2024-12-16 14:28:22'),(180,'delete_use_material','A','2024-12-16 14:28:22','2024-12-16 14:28:22'),(181,'delete_workshift','A','2024-12-16 14:28:22','2024-12-16 14:28:22'),(182,'edit_category','A','2024-12-16 14:28:22','2024-12-16 14:28:22'),(183,'edit_check_inventory','A','2024-12-16 14:28:22','2024-12-16 14:28:22'),(184,'edit_combo','A','2024-12-16 14:28:22','2024-12-16 14:28:22'),(185,'edit_customer','A','2024-12-16 14:28:22','2024-12-16 14:28:22'),(186,'edit_detail_combo','A','2024-12-16 14:28:22','2024-12-16 14:28:22'),(187,'edit_detail_inventor','A','2024-12-16 14:28:22','2024-12-16 14:28:22'),(188,'edit_detail_shipment','A','2024-12-16 14:28:22','2024-12-16 14:28:22'),(189,'edit_employee','A','2024-12-16 14:28:22','2024-12-16 14:28:22'),(190,'edit_invoice','A','2024-12-16 14:28:22','2024-12-16 14:28:22'),(191,'edit_invoice_detail','A','2024-12-16 14:28:22','2024-12-16 14:28:22'),(192,'edit_material','A','2024-12-16 14:28:22','2024-12-16 14:28:22'),(193,'edit_position','A','2024-12-16 14:28:22','2024-12-16 14:28:22'),(194,'edit_product','A','2024-12-16 14:28:22','2024-12-16 14:28:22'),(195,'edit_shipment','A','2024-12-16 14:28:22','2024-12-16 14:28:22'),(196,'edit_supplier','A','2024-12-16 14:28:22','2024-12-16 14:28:22'),(197,'edit_table_food','A','2024-12-16 14:28:22','2024-12-16 14:28:22'),(198,'edit_use_material','A','2024-12-16 14:28:22','2024-12-16 14:28:22'),(199,'edit_workshift','A','2024-12-16 14:28:22','2024-12-16 14:28:22'),(201,'view_check_inventory','A','2024-12-16 14:28:22','2024-12-16 14:28:22'),(202,'view_combo','A','2024-12-16 14:28:22','2024-12-16 14:28:22'),(203,'view_customer','A','2024-12-16 14:28:22','2024-12-16 14:28:22'),(204,'view_detail_combo','A','2024-12-16 14:28:22','2024-12-16 14:28:22'),(205,'view_detail_inventor','A','2024-12-16 14:28:22','2024-12-16 14:28:22'),(206,'view_detail_shipment','A','2024-12-16 14:28:22','2024-12-16 14:28:22'),(207,'view_employee','A','2024-12-16 14:28:22','2024-12-16 14:28:22'),(208,'view_invoice','A','2024-12-16 14:28:22','2024-12-16 14:28:22'),(209,'view_invoice_detail','A','2024-12-16 14:28:22','2024-12-16 14:28:22'),(210,'view_material','A','2024-12-16 14:28:22','2024-12-16 14:28:22'),(211,'view_position','A','2024-12-16 14:28:22','2024-12-16 14:28:22'),(212,'view_product','A','2024-12-16 14:28:22','2024-12-16 14:28:22'),(213,'view_shipment','A','2024-12-16 14:28:22','2024-12-16 14:28:22'),(214,'view_supplier','A','2024-12-16 14:28:22','2024-12-16 14:28:22'),(215,'view_table_food','A','2024-12-16 14:28:22','2024-12-16 14:28:22'),(216,'view_use_material','A','2024-12-16 14:28:22','2024-12-16 14:28:22'),(217,'view_workshift','A','2024-12-16 14:28:22','2024-12-16 14:28:22'),(218,'view_permission','A','2024-12-16 14:28:22','2024-12-16 14:28:22'),(219,'create_permission','A','2024-12-16 14:28:22','2024-12-16 14:28:22'),(220,'edit_permission','A','2024-12-16 14:28:22','2024-12-16 14:28:22'),(221,'delete_permission','A','2024-12-16 14:28:22','2024-12-16 14:28:22'),(222,'view_permission_role','A','2024-12-16 14:28:22','2024-12-16 14:28:22'),(223,'create_permission_role','A','2024-12-16 14:28:22','2024-12-16 14:28:22'),(224,'edit_permission_role','A','2024-12-16 14:28:22','2024-12-16 14:28:22'),(225,'delete_permission_role','A','2024-12-16 14:28:22','2024-12-16 14:28:22'),(294,'create_category','M','2024-12-18 02:02:46','2024-12-18 02:02:46'),(295,'edit_category','M','2024-12-18 02:02:46','2024-12-18 02:02:46'),(296,'view_category','M','2024-12-18 02:02:46','2024-12-18 02:02:46'),(297,'delete_category','M','2024-12-18 02:02:46','2024-12-18 02:02:46'),(298,'create_combo','M','2024-12-18 02:02:46','2024-12-18 02:02:46'),(299,'edit_combo','M','2024-12-18 02:02:46','2024-12-18 02:02:46'),(300,'view_combo','M','2024-12-18 02:02:46','2024-12-18 02:02:46'),(301,'delete_combo','M','2024-12-18 02:02:46','2024-12-18 02:02:46'),(302,'create_customer','M','2024-12-18 02:02:46','2024-12-18 02:02:46'),(303,'edit_customer','M','2024-12-18 02:02:46','2024-12-18 02:02:46'),(304,'view_customer','M','2024-12-18 02:02:46','2024-12-18 02:02:46'),(305,'delete_customer','M','2024-12-18 02:02:46','2024-12-18 02:02:46'),(306,'create_invoice','M','2024-12-18 02:02:46','2024-12-18 02:02:46'),(307,'edit_invoice','M','2024-12-18 02:02:46','2024-12-18 02:02:46'),(308,'view_invoice','M','2024-12-18 02:02:46','2024-12-18 02:02:46'),(309,'delete_invoice','M','2024-12-18 02:02:46','2024-12-18 02:02:46'),(310,'create_invoice_detail','M','2024-12-18 02:02:46','2024-12-18 02:02:46'),(311,'edit_invoice_detail','M','2024-12-18 02:02:46','2024-12-18 02:02:46'),(312,'view_invoice_detail','M','2024-12-18 02:02:46','2024-12-18 02:02:46'),(313,'delete_invoice_detail','M','2024-12-18 02:02:46','2024-12-18 02:02:46'),(314,'create_material','M','2024-12-18 02:02:46','2024-12-18 02:02:46'),(315,'edit_material','M','2024-12-18 02:02:46','2024-12-18 02:02:46'),(316,'view_material','M','2024-12-18 02:02:46','2024-12-18 02:02:46'),(317,'delete_material','M','2024-12-18 02:02:46','2024-12-18 02:02:46'),(318,'create_product','M','2024-12-18 02:02:46','2024-12-18 02:02:46'),(319,'edit_product','M','2024-12-18 02:02:46','2024-12-18 02:02:46'),(320,'view_product','M','2024-12-18 02:02:46','2024-12-18 02:02:46'),(321,'delete_product','M','2024-12-18 02:02:46','2024-12-18 02:02:46'),(350,'create_category','U','2024-12-18 02:03:31','2024-12-18 02:03:31'),(351,'edit_category','U','2024-12-18 02:03:31','2024-12-18 02:03:31'),(352,'view_category','U','2024-12-18 02:03:31','2024-12-18 02:03:31'),(353,'delete_category','U','2024-12-18 02:03:31','2024-12-18 02:03:31'),(354,'create_combo','U','2024-12-18 02:03:31','2024-12-18 02:03:31'),(355,'edit_combo','U','2024-12-18 02:03:31','2024-12-18 02:03:31'),(356,'view_combo','U','2024-12-18 02:03:31','2024-12-18 02:03:31'),(357,'delete_combo','U','2024-12-18 02:03:31','2024-12-18 02:03:31'),(358,'create_customer','U','2024-12-18 02:03:31','2024-12-18 02:03:31'),(359,'edit_customer','U','2024-12-18 02:03:31','2024-12-18 02:03:31'),(360,'view_customer','U','2024-12-18 02:03:31','2024-12-18 02:03:31'),(361,'delete_customer','U','2024-12-18 02:03:31','2024-12-18 02:03:31'),(362,'create_employee','U','2024-12-18 02:03:31','2024-12-18 02:03:31'),(363,'edit_employee','U','2024-12-18 02:03:31','2024-12-18 02:03:31'),(364,'view_employee','U','2024-12-18 02:03:31','2024-12-18 02:03:31'),(365,'delete_employee','U','2024-12-18 02:03:31','2024-12-18 02:03:31'),(366,'create_invoice','U','2024-12-18 02:03:31','2024-12-18 02:03:31'),(367,'edit_invoice','U','2024-12-18 02:03:31','2024-12-18 02:03:31'),(368,'view_invoice','U','2024-12-18 02:03:31','2024-12-18 02:03:31'),(369,'delete_invoice','U','2024-12-18 02:03:31','2024-12-18 02:03:31'),(370,'create_material','U','2024-12-18 02:03:31','2024-12-18 02:03:31'),(371,'edit_material','U','2024-12-18 02:03:31','2024-12-18 02:03:31'),(372,'view_material','U','2024-12-18 02:03:31','2024-12-18 02:03:31'),(373,'delete_material','U','2024-12-18 02:03:31','2024-12-18 02:03:31'),(374,'create_product','U','2024-12-18 02:03:31','2024-12-18 02:03:31'),(375,'edit_product','U','2024-12-18 02:03:31','2024-12-18 02:03:31'),(376,'view_product','U','2024-12-18 02:03:31','2024-12-18 02:03:31'),(377,'delete_product','U','2024-12-18 02:03:31','2024-12-18 02:03:31'),(402,'view_user','A','2024-12-16 14:28:22','2024-12-16 14:28:22'),(403,'view_role','A','2024-12-16 14:28:22','2024-12-16 14:28:22'),(465,'create_detail_combo','A2','2024-12-18 03:11:08','2024-12-18 03:11:08'),(466,'edit_employee','A2','2024-12-18 03:11:08','2024-12-18 03:11:08'),(467,'delete_employee','A2','2024-12-18 03:11:08','2024-12-18 03:11:08'),(468,'create_product','A2','2024-12-18 03:11:08','2024-12-18 03:11:08'),(469,'edit_product','A2','2024-12-18 03:11:08','2024-12-18 03:11:08'),(470,'view_product','A2','2024-12-18 03:11:08','2024-12-18 03:11:08'),(471,'delete_product','A2','2024-12-18 03:11:08','2024-12-18 03:11:08'),(472,'view_shipment','A2','2024-12-18 03:11:08','2024-12-18 03:11:08'),(473,'edit_supplier','A2','2024-12-18 03:11:08','2024-12-18 03:11:08'),(474,'edit_table_food','A2','2024-12-18 03:11:08','2024-12-18 03:11:08'),(475,'delete_workshift','A2','2024-12-18 03:11:08','2024-12-18 03:11:08');
/*!40000 ALTER TABLE `permission_role` ENABLE KEYS */;
UNLOCK TABLES;

--
-- Table structure for table `role`
--

DROP TABLE IF EXISTS `role`;
/*!40101 SET @saved_cs_client     = @@character_set_client */;
/*!50503 SET character_set_client = utf8mb4 */;
CREATE TABLE `role` (
  `id` varchar(10) NOT NULL,
  `name` varchar(255) DEFAULT NULL,
  `createdAt` datetime DEFAULT NULL,
  `updatedAt` datetime DEFAULT NULL,
  PRIMARY KEY (`id`),
  UNIQUE KEY `name` (`name`)
) ENGINE=InnoDB DEFAULT CHARSET=utf8mb4 COLLATE=utf8mb4_0900_ai_ci;
/*!40101 SET character_set_client = @saved_cs_client */;

--
-- Dumping data for table `role`
--

LOCK TABLES `role` WRITE;
/*!40000 ALTER TABLE `role` DISABLE KEYS */;
INSERT INTO `role` VALUES ('A','Admin',NULL,NULL),('A2','Quản trị viên 2','2024-12-17 15:41:03','2024-12-17 15:41:03'),('M','Manager','2024-12-17 15:39:13','2024-12-17 15:39:47'),('U','User',NULL,NULL);
/*!40000 ALTER TABLE `role` ENABLE KEYS */;
UNLOCK TABLES;

--
-- Table structure for table `user`
--

DROP TABLE IF EXISTS `user`;
/*!40101 SET @saved_cs_client     = @@character_set_client */;
/*!50503 SET character_set_client = utf8mb4 */;
CREATE TABLE `user` (
  `id` bigint NOT NULL AUTO_INCREMENT,
  `name` varchar(255) NOT NULL,
  `username` varchar(30) NOT NULL,
  `password` varchar(255) NOT NULL,
  `id_role` varchar(10) NOT NULL,
  `createdAt` datetime NOT NULL,
  `updatedAt` datetime NOT NULL,
  `refresh_token` text,
  PRIMARY KEY (`id`),
  UNIQUE KEY `username` (`username`),
  KEY `id_role` (`id_role`),
  CONSTRAINT `user_ibfk_1` FOREIGN KEY (`id_role`) REFERENCES `role` (`id`) ON UPDATE CASCADE
) ENGINE=InnoDB AUTO_INCREMENT=5 DEFAULT CHARSET=utf8mb4 COLLATE=utf8mb4_0900_ai_ci;
/*!40101 SET character_set_client = @saved_cs_client */;

--
-- Dumping data for table `user`
--

LOCK TABLES `user` WRITE;
/*!40000 ALTER TABLE `user` DISABLE KEYS */;
INSERT INTO `user` VALUES (1,'Quản trị','admin','$2a$10$Gfcdj/Qgq9kCdFc9/Vw79OnB0JE1/kKLwlAbnAkv89Nv/ZQVrSA/G','A','2024-12-04 10:21:05','2024-12-18 03:21:27','eyJhbGciOiJIUzI1NiIsInR5cCI6IkpXVCJ9.eyJ1c2VybmFtZSI6ImFkbWluIiwiaWRfcm9sZSI6IkEiLCJpYXQiOjE3MzQ0OTIwODcsImV4cCI6MTc2MDQxMjA4N30.faOGg2rJ6ENaBqBV-Jzn2vHajAtObWnpxccI4hGX7qc'),(2,'user1','user','$2a$10$bWJNvgZw8x9CEwjor93RC..kIbO4PuF6QYgg1Q3.6R63.wwl00jOW','U','2024-12-05 03:09:29','2024-12-17 01:53:42','eyJhbGciOiJIUzI1NiIsInR5cCI6IkpXVCJ9.eyJ1c2VybmFtZSI6InVzZXIiLCJpZF9yb2xlIjoiVSIsImlhdCI6MTczNDM2MTY5NSwiZXhwIjoxNzYwMjgxNjk1fQ.LvScF39U9iXfwE6Fhk66J4o_6p03nS-YBjiq4NMzrss'),(4,'Quản trị 2','admin2','$2a$10$ob3toKXgq4A4cxV0Aan8l.O.ry9VQJSZvq7EDHUKMtOYMZRfkjW9i','A2','2024-12-18 00:40:31','2024-12-18 03:04:10','eyJhbGciOiJIUzI1NiIsInR5cCI6IkpXVCJ9.eyJ1c2VybmFtZSI6ImFkbWluMiIsImlkX3JvbGUiOiJBMiIsImlhdCI6MTczNDQ5MTA1MCwiZXhwIjoxNzYwNDExMDUwfQ.sbT-4MitC3pUkCu4mKFzXUN0NkbApP7P4thcF7_LjSw');
/*!40000 ALTER TABLE `user` ENABLE KEYS */;
UNLOCK TABLES;
/*!40103 SET TIME_ZONE=@OLD_TIME_ZONE */;

/*!40101 SET SQL_MODE=@OLD_SQL_MODE */;
/*!40014 SET FOREIGN_KEY_CHECKS=@OLD_FOREIGN_KEY_CHECKS */;
/*!40014 SET UNIQUE_CHECKS=@OLD_UNIQUE_CHECKS */;
/*!40101 SET CHARACTER_SET_CLIENT=@OLD_CHARACTER_SET_CLIENT */;
/*!40101 SET CHARACTER_SET_RESULTS=@OLD_CHARACTER_SET_RESULTS */;
/*!40101 SET COLLATION_CONNECTION=@OLD_COLLATION_CONNECTION */;
/*!40111 SET SQL_NOTES=@OLD_SQL_NOTES */;

-- Dump completed on 2024-12-18 13:32:56
